## Electron ionization rate in air at 20 celsius degree and,
## 1013.25 hPa obtained using Magbolt,
## The current composition used is:,
##
## --------------------   -----------------------
## Electric field (V/m)   Electron ionization rate (1/s)
## --------------------   -----------------------
0.000000000000000000E+00,0.000000000000000000E+00
5.000000000000000000E+01,0.000000000000000000E+00
8.900000000000000000E+01,0.000000000000000000E+00
1.280000000000000000E+02,0.000000000000000000E+00
1.670000000000000000E+02,0.000000000000000000E+00
2.060000000000000000E+02,0.000000000000000000E+00
2.450000000000000000E+02,0.000000000000000000E+00
2.840000000000000000E+02,0.000000000000000000E+00
3.230000000000000000E+02,0.000000000000000000E+00
3.620000000000000000E+02,0.000000000000000000E+00
4.010000000000000000E+02,0.000000000000000000E+00
4.400000000000000000E+02,0.000000000000000000E+00
4.790000000000000000E+02,0.000000000000000000E+00
5.180000000000000000E+02,0.000000000000000000E+00
5.570000000000000000E+02,0.000000000000000000E+00
5.960000000000000000E+02,0.000000000000000000E+00
6.350000000000000000E+02,0.000000000000000000E+00
6.740000000000000000E+02,0.000000000000000000E+00
7.130000000000000000E+02,0.000000000000000000E+00
7.520000000000000000E+02,0.000000000000000000E+00
7.910000000000000000E+02,0.000000000000000000E+00
8.300000000000000000E+02,0.000000000000000000E+00
8.690000000000000000E+02,0.000000000000000000E+00
9.080000000000000000E+02,0.000000000000000000E+00
9.470000000000000000E+02,0.000000000000000000E+00
9.860000000000000000E+02,0.000000000000000000E+00
1.025000000000000000E+03,0.000000000000000000E+00
1.064000000000000000E+03,0.000000000000000000E+00
1.103000000000000000E+03,0.000000000000000000E+00
1.142000000000000000E+03,0.000000000000000000E+00
1.181000000000000000E+03,0.000000000000000000E+00
1.220000000000000000E+03,0.000000000000000000E+00
1.259000000000000000E+03,0.000000000000000000E+00
1.298000000000000000E+03,0.000000000000000000E+00
1.337000000000000000E+03,0.000000000000000000E+00
1.376000000000000000E+03,0.000000000000000000E+00
1.415000000000000000E+03,0.000000000000000000E+00
1.454000000000000000E+03,0.000000000000000000E+00
1.493000000000000000E+03,0.000000000000000000E+00
1.532000000000000000E+03,0.000000000000000000E+00
1.571000000000000000E+03,0.000000000000000000E+00
1.610000000000000000E+03,0.000000000000000000E+00
1.649000000000000000E+03,0.000000000000000000E+00
1.688000000000000000E+03,0.000000000000000000E+00
1.727000000000000000E+03,0.000000000000000000E+00
1.766000000000000000E+03,0.000000000000000000E+00
1.805000000000000000E+03,0.000000000000000000E+00
1.844000000000000000E+03,0.000000000000000000E+00
1.883000000000000000E+03,0.000000000000000000E+00
1.922000000000000000E+03,0.000000000000000000E+00
2.000000000000000000E+03,0.000000000000000000E+00
2.122120000000000000E+03,0.000000000000000000E+00
2.251700000000000000E+03,0.000000000000000000E+00
2.389190000000000000E+03,0.000000000000000000E+00
2.535080000000000000E+03,0.000000000000000000E+00
2.689870000000000000E+03,0.000000000000000000E+00
2.854120000000000000E+03,0.000000000000000000E+00
3.028390000000000000E+03,0.000000000000000000E+00
3.213310000000000000E+03,0.000000000000000000E+00
3.409520000000000000E+03,0.000000000000000000E+00
3.617700000000000000E+03,0.000000000000000000E+00
3.838610000000000000E+03,0.000000000000000000E+00
4.072990000000000000E+03,0.000000000000000000E+00
4.321690000000000000E+03,0.000000000000000000E+00
4.585580000000000000E+03,0.000000000000000000E+00
4.865580000000000000E+03,0.000000000000000000E+00
5.162680000000000000E+03,0.000000000000000000E+00
5.477920000000000000E+03,0.000000000000000000E+00
5.812400000000000000E+03,0.000000000000000000E+00
6.167310000000000000E+03,0.000000000000000000E+00
6.543890000000000000E+03,0.000000000000000000E+00
6.943470000000000000E+03,0.000000000000000000E+00
7.367440000000000000E+03,0.000000000000000000E+00
7.817310000000000000E+03,0.000000000000000000E+00
8.294640000000000000E+03,0.000000000000000000E+00
8.801120000000000000E+03,0.000000000000000000E+00
9.338520000000000000E+03,0.000000000000000000E+00
9.908740000000000000E+03,0.000000000000000000E+00
1.051378000000000000E+04,0.000000000000000000E+00
1.115576000000000000E+04,0.000000000000000000E+00
1.183694000000000000E+04,0.000000000000000000E+00
1.255971000000000000E+04,0.000000000000000000E+00
1.332662000000000000E+04,0.000000000000000000E+00
1.414035000000000000E+04,0.000000000000000000E+00
1.500378000000000000E+04,0.000000000000000000E+00
1.591992000000000000E+04,0.000000000000000000E+00
1.689201000000000000E+04,0.000000000000000000E+00
1.792345000000000000E+04,0.000000000000000000E+00
1.901787000000000000E+04,0.000000000000000000E+00
2.017912000000000000E+04,0.000000000000000000E+00
2.141127000000000000E+04,0.000000000000000000E+00
2.271867000000000000E+04,0.000000000000000000E+00
2.410589000000000000E+04,0.000000000000000000E+00
2.557781000000000000E+04,0.000000000000000000E+00
2.713962000000000000E+04,0.000000000000000000E+00
2.879679000000000000E+04,0.000000000000000000E+00
3.055515000000000000E+04,0.000000000000000000E+00
3.242087000000000000E+04,0.000000000000000000E+00
3.440052000000000000E+04,0.000000000000000000E+00
3.650105000000000000E+04,0.000000000000000000E+00
3.872983000000000000E+04,0.000000000000000000E+00
4.109471000000000000E+04,0.000000000000000000E+00
4.360399000000000000E+04,0.000000000000000000E+00
4.626649000000000000E+04,0.000000000000000000E+00
4.909157000000000000E+04,0.000000000000000000E+00
5.208914000000000000E+04,0.000000000000000000E+00
5.526975000000000000E+04,0.000000000000000000E+00
5.864457000000000000E+04,0.000000000000000000E+00
6.222546000000000000E+04,0.000000000000000000E+00
6.602501000000000000E+04,0.000000000000000000E+00
7.005655000000000000E+04,0.000000000000000000E+00
7.433427000000000000E+04,0.000000000000000000E+00
7.887319000000000000E+04,0.000000000000000000E+00
8.368925000000000000E+04,0.000000000000000000E+00
8.879940000000000000E+04,0.000000000000000000E+00
9.422157000000000000E+04,0.000000000000000000E+00
9.997482000000000000E+04,0.000000000000000000E+00
1.060793700000000000E+05,0.000000000000000000E+00
1.125566800000000000E+05,0.000000000000000000E+00
1.194294900000000000E+05,0.000000000000000000E+00
1.267219600000000000E+05,0.000000000000000000E+00
1.344597200000000000E+05,0.000000000000000000E+00
1.426699500000000000E+05,0.000000000000000000E+00
1.513815100000000000E+05,0.000000000000000000E+00
1.606250000000000000E+05,0.000000000000000000E+00
1.704329100000000000E+05,0.000000000000000000E+00
1.808396900000000000E+05,0.000000000000000000E+00
1.918819300000000000E+05,0.000000000000000000E+00
2.035984100000000000E+05,0.000000000000000000E+00
2.160303100000000000E+05,0.000000000000000000E+00
2.292213200000000000E+05,0.000000000000000000E+00
2.432177800000000000E+05,0.000000000000000000E+00
2.580688800000000000E+05,0.000000000000000000E+00
2.738268000000000000E+05,0.000000000000000000E+00
2.905469100000000000E+05,0.000000000000000000E+00
3.082879700000000000E+05,0.000000000000000000E+00
3.271123100000000000E+05,0.000000000000000000E+00
3.470860800000000000E+05,0.000000000000000000E+00
3.682794700000000000E+05,0.000000000000000000E+00
3.907669500000000000E+05,0.000000000000000000E+00
4.146275300000000000E+05,0.000000000000000000E+00
4.399450600000000000E+05,0.000000000000000000E+00
4.668085100000000000E+05,0.000000000000000000E+00
4.953122600000000000E+05,0.000000000000000000E+00
5.255564700000000000E+05,0.000000000000000000E+00
5.576474200000000000E+05,0.000000000000000000E+00
5.916978800000000000E+05,0.000000000000000000E+00
6.278274900000000000E+05,0.000000000000000000E+00
6.661632000000000000E+05,0.000000000000000000E+00
7.068397300000000000E+05,0.000000000000000000E+00
7.500000000000000000E+05,0.000000000000000000E+00
7.643642200000000000E+05,0.000000000000000000E+00
7.790035500000000000E+05,4.406688000000000000E+02
7.939232600000000000E+05,4.424138400000000000E+02
8.091287100000000000E+05,4.441911300000000000E+02
8.246253900000000000E+05,4.459953000000000000E+02
8.404188600000000000E+05,4.479139600000000000E+02
8.565148100000000000E+05,1.799244300000000000E+03
8.729190300000000000E+05,4.517731300000000000E+02
8.896374400000000000E+05,1.361631600000000000E+03
9.066760400000000000E+05,1.368075000000000000E+03
9.240409600000000000E+05,1.374473600000000000E+03
9.417384700000000000E+05,2.763115600000000000E+03
9.597749300000000000E+05,4.628540400000000000E+03
9.781568200000000000E+05,5.117990400000000000E+03
9.968907700000000000E+05,6.080778000000000000E+03
1.015983520000000000E+06,5.644236000000000000E+03
1.035441930000000000E+06,8.513700000000000000E+03
1.055273020000000000E+06,1.380047400000000000E+04
1.075483930000000000E+06,1.676089600000000000E+04
1.096081910000000000E+06,2.023921600000000000E+04
1.117074400000000000E+06,2.424637000000000000E+04
1.138468940000000000E+06,3.417856000000000000E+04
1.160273230000000000E+06,4.523407200000000000E+04
1.182495130000000000E+06,6.588972000000000000E+04
1.205142630000000000E+06,7.381920000000000000E+04
1.228223880000000000E+06,9.302736000000000000E+04
1.251747190000000000E+06,1.195639200000000000E+05
1.275721020000000000E+06,1.603937500000000000E+05
1.300154010000000000E+06,2.050356000000000000E+05
1.325054940000000000E+06,2.415771000000000000E+05
1.350432790000000000E+06,3.034435600000000000E+05
1.376296670000000000E+06,3.739092200000000000E+05
1.402655920000000000E+06,4.804416400000000000E+05
1.429520000000000000E+06,5.788500000000000000E+05
1.456898590000000000E+06,7.030280700000000000E+05
1.484801540000000000E+06,8.682900000000000000E+05
1.513238900000000000E+06,1.056317400000000000E+06
1.542220900000000000E+06,1.341597000000000000E+06
1.571757970000000000E+06,1.577996800000000000E+06
1.601860750000000000E+06,1.920438000000000000E+06
1.632540060000000000E+06,2.296009800000000000E+06
1.663806950000000000E+06,2.761740900000000000E+06
1.695672680000000000E+06,3.286824200000000000E+06
1.728148700000000000E+06,3.989314200000000000E+06
1.761246720000000000E+06,4.754704500000000000E+06
1.794978640000000000E+06,5.609879600000000000E+06
1.829356600000000000E+06,6.674843000000000000E+06
1.864392980000000000E+06,7.900648200000000000E+06
1.900100390000000000E+06,9.381154800000000000E+06
1.936491670000000000E+06,1.112265000000000000E+07
1.973579940000000000E+06,1.312128000000000000E+07
2.011378520000000000E+06,1.525259200000000000E+07
2.049901040000000000E+06,1.778084000000000000E+07
2.089161350000000000E+06,2.072406000000000000E+07
2.129173590000000000E+06,2.432181000000000000E+07
2.169952160000000000E+06,2.817990000000000000E+07
2.211511720000000000E+06,3.219759000000000000E+07
2.253867250000000000E+06,3.701562000000000000E+07
2.297033980000000000E+06,4.251520000000000000E+07
2.341027460000000000E+06,4.890866000000000000E+07
2.385863510000000000E+06,5.619991000000000000E+07
2.431558280000000000E+06,6.467994000000000000E+07
2.478128200000000000E+06,7.301910000000000000E+07
2.525590050000000000E+06,8.375300000000000000E+07
2.573960900000000000E+06,9.565628000000000000E+07
2.623258160000000000E+06,1.079893400000000000E+08
2.673499580000000000E+06,1.223652000000000000E+08
2.724703230000000000E+06,1.379136000000000000E+08
2.776887560000000000E+06,1.559072000000000000E+08
2.830071330000000000E+06,1.754949000000000000E+08
2.884273700000000000E+06,1.968942000000000000E+08
2.939514160000000000E+06,2.212848000000000000E+08
2.995812610000000000E+06,2.475382000000000000E+08
3.053189300000000000E+06,2.770065000000000000E+08
3.111664890000000000E+06,3.089307000000000000E+08
3.171260410000000000E+06,3.442176000000000000E+08
3.231997330000000000E+06,3.835475000000000000E+08
3.293897510000000000E+06,4.260223000000000000E+08
3.356983210000000000E+06,4.727397000000000000E+08
3.421277140000000000E+06,5.226815000000000000E+08
3.486802460000000000E+06,5.778540000000000000E+08
3.553582730000000000E+06,6.387066000000000000E+08
3.621642000000000000E+06,7.030800000000000000E+08
3.691004760000000000E+06,7.724800000000000000E+08
3.761695980000000000E+06,8.539776000000000000E+08
3.833741100000000000E+06,9.359415000000000000E+08
3.907166040000000000E+06,1.029504200000000000E+09
3.981997250000000000E+06,1.126985300000000000E+09
4.058261640000000000E+06,1.234704600000000000E+09
4.135986670000000000E+06,1.348322400000000000E+09
4.215200310000000000E+06,1.472830800000000000E+09
4.295931080000000000E+06,1.607439600000000000E+09
4.378208020000000000E+06,1.747965500000000000E+09
4.462060760000000000E+06,1.906592500000000000E+09
4.547519470000000000E+06,2.069405000000000000E+09
4.634614910000000000E+06,2.249500000000000000E+09
4.723378430000000000E+06,2.441376000000000000E+09
4.813841980000000000E+06,2.648499000000000000E+09
4.906038100000000000E+06,2.869196000000000000E+09
