t (s),I [Positive ions] (A),I [Negative ions] (A),I [Electrons] (A)
0.000000E+00,5.761608E-14,1.180835E-19,2.835265E-11
1.000000E-13,1.152322E-13,3.148888E-19,5.670507E-11
2.000000E-13,1.728482E-13,6.166556E-19,8.505718E-11
3.000000E-13,2.304643E-13,1.032130E-18,1.134090E-10
4.000000E-13,2.880804E-13,1.564225E-18,1.417604E-10
1.778147E-12,1.082114E-12,2.091803E-17,5.324495E-10
1.301729E-11,7.557670E-12,1.015340E-15,3.716293E-09
7.325901E-11,4.226658E-11,3.166557E-14,2.071715E-08
3.040950E-10,1.752650E-10,5.393347E-13,8.492653E-08
9.806800E-10,5.650847E-10,5.467102E-12,2.652261E-07
2.583260E-09,1.488415E-09,3.597975E-11,6.515921E-07
5.793683E-09,3.338071E-09,1.652161E-10,1.290244E-06
1.054368E-08,6.074642E-09,4.885618E-10,1.992781E-06
1.529368E-08,8.811094E-09,9.328642E-10,2.485259E-06
2.004368E-08,1.154742E-08,1.465907E-09,2.828079E-06
2.479368E-08,1.428362E-08,2.062298E-09,3.063614E-06
2.954368E-08,1.701968E-08,2.702716E-09,3.221478E-06
3.429368E-08,1.975560E-08,3.372632E-09,3.322845E-06
3.904368E-08,2.249137E-08,4.061218E-09,3.383327E-06
4.379368E-08,2.522700E-08,4.760523E-09,3.414820E-06
4.854368E-08,2.796248E-08,5.464896E-09,3.426685E-06
5.329368E-08,3.069781E-08,6.170563E-09,3.426453E-06
5.804368E-08,3.343298E-08,6.875289E-09,3.420132E-06
6.279368E-08,3.616800E-08,7.578049E-09,3.412207E-06
6.754368E-08,3.890285E-08,8.278673E-09,3.405540E-06
7.229368E-08,4.163754E-08,8.977487E-09,3.401381E-06
7.704368E-08,4.437206E-08,9.674971E-09,3.399662E-06
8.179368E-08,4.710642E-08,1.037154E-08,3.399537E-06
8.654368E-08,4.984060E-08,1.106742E-08,3.400000E-06
9.129368E-08,5.257461E-08,1.176266E-08,3.400333E-06
9.604368E-08,5.530845E-08,1.245723E-08,3.400256E-06
1.007937E-07,5.804211E-08,1.315106E-08,3.399830E-06
1.055437E-07,6.077560E-08,1.384409E-08,3.399247E-06
1.102937E-07,6.350890E-08,1.453632E-08,3.398666E-06
1.150437E-07,6.624203E-08,1.522775E-08,3.398148E-06
1.197937E-07,6.897497E-08,1.591839E-08,3.397683E-06
1.245437E-07,7.170772E-08,1.660824E-08,3.397237E-06
1.292937E-07,7.444029E-08,1.729731E-08,3.396786E-06
1.340437E-07,7.717268E-08,1.798559E-08,3.396325E-06
1.387937E-07,7.990487E-08,1.867309E-08,3.395858E-06
1.435437E-07,8.263688E-08,1.935980E-08,3.395389E-06
1.482937E-07,8.536869E-08,2.004573E-08,3.394920E-06
1.530437E-07,8.810031E-08,2.073087E-08,3.394451E-06
1.577937E-07,9.083173E-08,2.141523E-08,3.393983E-06
1.625437E-07,9.356295E-08,2.209880E-08,3.393513E-06
1.672937E-07,9.629398E-08,2.278159E-08,3.393042E-06
1.720437E-07,9.902481E-08,2.346359E-08,3.392571E-06
1.767937E-07,1.017554E-07,2.414480E-08,3.392099E-06
1.815437E-07,1.044859E-07,2.482523E-08,3.391626E-06
1.862937E-07,1.072161E-07,2.550488E-08,3.391153E-06
1.910437E-07,1.099461E-07,2.618374E-08,3.390679E-06
1.957937E-07,1.126759E-07,2.686182E-08,3.390204E-06
2.005437E-07,1.154055E-07,2.753911E-08,3.389728E-06
2.052937E-07,1.181348E-07,2.821562E-08,3.389252E-06
2.100437E-07,1.208640E-07,2.889134E-08,3.388775E-06
2.147937E-07,1.235930E-07,2.956628E-08,3.388297E-06
2.195437E-07,1.263217E-07,3.024044E-08,3.387819E-06
2.242937E-07,1.290502E-07,3.091381E-08,3.387340E-06
2.290437E-07,1.317785E-07,3.158640E-08,3.386860E-06
2.337937E-07,1.345066E-07,3.225821E-08,3.386379E-06
2.385437E-07,1.372344E-07,3.292923E-08,3.385898E-06
2.432937E-07,1.399620E-07,3.359947E-08,3.385416E-06
2.480437E-07,1.426894E-07,3.426893E-08,3.384933E-06
2.527937E-07,1.454166E-07,3.493761E-08,3.384450E-06
2.575437E-07,1.481435E-07,3.560551E-08,3.383965E-06
2.622937E-07,1.508702E-07,3.627262E-08,3.383480E-06
2.670437E-07,1.535967E-07,3.693895E-08,3.382994E-06
2.717937E-07,1.563229E-07,3.760450E-08,3.382508E-06
2.765437E-07,1.590489E-07,3.826927E-08,3.382021E-06
2.812937E-07,1.617747E-07,3.893326E-08,3.381533E-06
2.860437E-07,1.645002E-07,3.959647E-08,3.381044E-06
2.907937E-07,1.672255E-07,4.025890E-08,3.380555E-06
2.955437E-07,1.699505E-07,4.092054E-08,3.380065E-06
3.002937E-07,1.726753E-07,4.158141E-08,3.379574E-06
3.050437E-07,1.753998E-07,4.224149E-08,3.379082E-06
3.097937E-07,1.781241E-07,4.290079E-08,3.378590E-06
3.145437E-07,1.808481E-07,4.355932E-08,3.378097E-06
3.192937E-07,1.835719E-07,4.421706E-08,3.377604E-06
3.240437E-07,1.862955E-07,4.487402E-08,3.377109E-06
3.287937E-07,1.890187E-07,4.553021E-08,3.376614E-06
3.335437E-07,1.917417E-07,4.618561E-08,3.376118E-06
3.382937E-07,1.944645E-07,4.684023E-08,3.375622E-06
3.430437E-07,1.971870E-07,4.749408E-08,3.375124E-06
3.477937E-07,1.999092E-07,4.814714E-08,3.374626E-06
3.525437E-07,2.026312E-07,4.879943E-08,3.374128E-06
3.572937E-07,2.053529E-07,4.945093E-08,3.373628E-06
3.620437E-07,2.080743E-07,5.010166E-08,3.373128E-06
3.667937E-07,2.107955E-07,5.075161E-08,3.372627E-06
3.715437E-07,2.135164E-07,5.140078E-08,3.372126E-06
3.762937E-07,2.162370E-07,5.204917E-08,3.371624E-06
3.810437E-07,2.189573E-07,5.269678E-08,3.371120E-06
3.857937E-07,2.216774E-07,5.334361E-08,3.370617E-06
3.905437E-07,2.243971E-07,5.398966E-08,3.370112E-06
3.952937E-07,2.271166E-07,5.463494E-08,3.369607E-06
4.000437E-07,2.298359E-07,5.527943E-08,3.369102E-06
4.047937E-07,2.325548E-07,5.592315E-08,3.368595E-06
4.095437E-07,2.352734E-07,5.656609E-08,3.368088E-06
4.142937E-07,2.379918E-07,5.720825E-08,3.367580E-06
4.190437E-07,2.407099E-07,5.784963E-08,3.367071E-06
4.237937E-07,2.434277E-07,5.849023E-08,3.366561E-06
4.285437E-07,2.461451E-07,5.913006E-08,3.366051E-06
4.332937E-07,2.488623E-07,5.976911E-08,3.365540E-06
4.380437E-07,2.515792E-07,6.040738E-08,3.365028E-06
4.427937E-07,2.542958E-07,6.104488E-08,3.364516E-06
4.475437E-07,2.570121E-07,6.168160E-08,3.364003E-06
4.522937E-07,2.597281E-07,6.231755E-08,3.363489E-06
4.570437E-07,2.624438E-07,6.295272E-08,3.362974E-06
4.617937E-07,2.651592E-07,6.358713E-08,3.362459E-06
4.665437E-07,2.678743E-07,6.422076E-08,3.361943E-06
4.712937E-07,2.705890E-07,6.485362E-08,3.361426E-06
4.760437E-07,2.733035E-07,6.548571E-08,3.360908E-06
4.807937E-07,2.760176E-07,6.611703E-08,3.360390E-06
4.855437E-07,2.787315E-07,6.674758E-08,3.359870E-06
4.902937E-07,2.814450E-07,6.737736E-08,3.359350E-06
4.950437E-07,2.841582E-07,6.800638E-08,3.358829E-06
4.997937E-07,2.868710E-07,6.863462E-08,3.358308E-06
5.045437E-07,2.895836E-07,6.926211E-08,3.357785E-06
5.092937E-07,2.922958E-07,6.988882E-08,3.357262E-06
5.140437E-07,2.950077E-07,7.051477E-08,3.356738E-06
5.187937E-07,2.977193E-07,7.113995E-08,3.356213E-06
5.235437E-07,3.004305E-07,7.176437E-08,3.355687E-06
5.282937E-07,3.031414E-07,7.238803E-08,3.355160E-06
5.330437E-07,3.058520E-07,7.301092E-08,3.354633E-06
5.377937E-07,3.085623E-07,7.363305E-08,3.354105E-06
5.425437E-07,3.112722E-07,7.425442E-08,3.353576E-06
5.472937E-07,3.139818E-07,7.487503E-08,3.353046E-06
5.520437E-07,3.166910E-07,7.549487E-08,3.352515E-06
5.567937E-07,3.193999E-07,7.611396E-08,3.351983E-06
5.615437E-07,3.221084E-07,7.673228E-08,3.351451E-06
5.662937E-07,3.248166E-07,7.734985E-08,3.350918E-06
5.710437E-07,3.275245E-07,7.796665E-08,3.350384E-06
5.757937E-07,3.302320E-07,7.858270E-08,3.349849E-06
5.805437E-07,3.329391E-07,7.919799E-08,3.349313E-06
5.852937E-07,3.356459E-07,7.981252E-08,3.348776E-06
5.900437E-07,3.383524E-07,8.042629E-08,3.348239E-06
5.947937E-07,3.410585E-07,8.103931E-08,3.347700E-06
5.995437E-07,3.437642E-07,8.165157E-08,3.347161E-06
6.042937E-07,3.464696E-07,8.226307E-08,3.346621E-06
6.090437E-07,3.491746E-07,8.287382E-08,3.346080E-06
6.137937E-07,3.518792E-07,8.348381E-08,3.345538E-06
6.185437E-07,3.545835E-07,8.409305E-08,3.344995E-06
6.232937E-07,3.572874E-07,8.470154E-08,3.344451E-06
6.280437E-07,3.599910E-07,8.530927E-08,3.343907E-06
6.327937E-07,3.626941E-07,8.591625E-08,3.343362E-06
6.375437E-07,3.653969E-07,8.652247E-08,3.342815E-06
6.422937E-07,3.680994E-07,8.712794E-08,3.342268E-06
6.470437E-07,3.708014E-07,8.773266E-08,3.341720E-06
6.517937E-07,3.735031E-07,8.833663E-08,3.341171E-06
6.565437E-07,3.762044E-07,8.893985E-08,3.340622E-06
6.612937E-07,3.789053E-07,8.954231E-08,3.340071E-06
6.660437E-07,3.816058E-07,9.014403E-08,3.339519E-06
6.707937E-07,3.843059E-07,9.074499E-08,3.338967E-06
6.755437E-07,3.870057E-07,9.134520E-08,3.338414E-06
6.802937E-07,3.897050E-07,9.194467E-08,3.337860E-06
6.850437E-07,3.924040E-07,9.254338E-08,3.337305E-06
6.897937E-07,3.951025E-07,9.314134E-08,3.336749E-06
6.945437E-07,3.978007E-07,9.373855E-08,3.336193E-06
6.992937E-07,4.004985E-07,9.433502E-08,3.335635E-06
7.040437E-07,4.031959E-07,9.493072E-08,3.335077E-06
7.087937E-07,4.058928E-07,9.552568E-08,3.334518E-06
7.135437E-07,4.085894E-07,9.611989E-08,3.333959E-06
7.182937E-07,4.112856E-07,9.671335E-08,3.333398E-06
7.230437E-07,4.139813E-07,9.730605E-08,3.332837E-06
7.277937E-07,4.166767E-07,9.789800E-08,3.332274E-06
7.325437E-07,4.193716E-07,9.848921E-08,3.331711E-06
7.372937E-07,4.220662E-07,9.907966E-08,3.331147E-06
7.420437E-07,4.247603E-07,9.966936E-08,3.330582E-06
7.467937E-07,4.274540E-07,1.002583E-07,3.330017E-06
7.515437E-07,4.301473E-07,1.008465E-07,3.329451E-06
7.562937E-07,4.328401E-07,1.014340E-07,3.328884E-06
7.610437E-07,4.355326E-07,1.020207E-07,3.328316E-06
7.657937E-07,4.382246E-07,1.026066E-07,3.327748E-06
7.705437E-07,4.409162E-07,1.031918E-07,3.327179E-06
7.752937E-07,4.436073E-07,1.037762E-07,3.326609E-06
7.800437E-07,4.462981E-07,1.043599E-07,3.326038E-06
7.847937E-07,4.489884E-07,1.049429E-07,3.325467E-06
7.895437E-07,4.516782E-07,1.055251E-07,3.324894E-06
7.942937E-07,4.543677E-07,1.061065E-07,3.324321E-06
7.990437E-07,4.570567E-07,1.066872E-07,3.323748E-06
8.037937E-07,4.597452E-07,1.072671E-07,3.323173E-06
8.085437E-07,4.624333E-07,1.078463E-07,3.322598E-06
8.132937E-07,4.651210E-07,1.084248E-07,3.322022E-06
8.180437E-07,4.678082E-07,1.090024E-07,3.321445E-06
8.227937E-07,4.704950E-07,1.095794E-07,3.320868E-06
8.275437E-07,4.731813E-07,1.101556E-07,3.320290E-06
8.322937E-07,4.758672E-07,1.107310E-07,3.319712E-06
8.370437E-07,4.785527E-07,1.113057E-07,3.319132E-06
8.417937E-07,4.812376E-07,1.118796E-07,3.318552E-06
8.465437E-07,4.839222E-07,1.124528E-07,3.317972E-06
8.512937E-07,4.866062E-07,1.130252E-07,3.317390E-06
8.560437E-07,4.892898E-07,1.135969E-07,3.316808E-06
8.607937E-07,4.919730E-07,1.141678E-07,3.316225E-06
8.655437E-07,4.946556E-07,1.147380E-07,3.315642E-06
8.702937E-07,4.973379E-07,1.153074E-07,3.315058E-06
8.750437E-07,5.000196E-07,1.158761E-07,3.314473E-06
8.797937E-07,5.027009E-07,1.164440E-07,3.313888E-06
8.845437E-07,5.053817E-07,1.170112E-07,3.313302E-06
8.892937E-07,5.080620E-07,1.175777E-07,3.312715E-06
8.940437E-07,5.107419E-07,1.181433E-07,3.312127E-06
8.987937E-07,5.134213E-07,1.187083E-07,3.311539E-06
9.035437E-07,5.161002E-07,1.192724E-07,3.310951E-06
9.082937E-07,5.187786E-07,1.198359E-07,3.310362E-06
9.130437E-07,5.214565E-07,1.203985E-07,3.309772E-06
9.177937E-07,5.241340E-07,1.209605E-07,3.309182E-06
9.225437E-07,5.268109E-07,1.215216E-07,3.308591E-06
9.272937E-07,5.294874E-07,1.220821E-07,3.307999E-06
9.320437E-07,5.321634E-07,1.226417E-07,3.307407E-06
9.367937E-07,5.348389E-07,1.232007E-07,3.306813E-06
9.415437E-07,5.375139E-07,1.237588E-07,3.306220E-06
9.462937E-07,5.401884E-07,1.243163E-07,3.305625E-06
9.510437E-07,5.428624E-07,1.248730E-07,3.305030E-06
9.557937E-07,5.455359E-07,1.254289E-07,3.304434E-06
9.605437E-07,5.482089E-07,1.259841E-07,3.303838E-06
9.652937E-07,5.508814E-07,1.265386E-07,3.303241E-06
9.700437E-07,5.535534E-07,1.270923E-07,3.302643E-06
9.747937E-07,5.562249E-07,1.276453E-07,3.302044E-06
9.795437E-07,5.588959E-07,1.281975E-07,3.301445E-06
9.842937E-07,5.615664E-07,1.287490E-07,3.300846E-06
9.890437E-07,5.642363E-07,1.292997E-07,3.300245E-06
9.937937E-07,5.669057E-07,1.298497E-07,3.299644E-06
9.985437E-07,5.695747E-07,1.303990E-07,3.299043E-06
1.003294E-06,5.722431E-07,1.309475E-07,3.298440E-06
1.008044E-06,5.749109E-07,1.314953E-07,3.297837E-06
1.012794E-06,5.775783E-07,1.320423E-07,3.297233E-06
1.017544E-06,5.802451E-07,1.325886E-07,3.296629E-06
1.022294E-06,5.829114E-07,1.331342E-07,3.296024E-06
1.027044E-06,5.855772E-07,1.336790E-07,3.295418E-06
1.031794E-06,5.882425E-07,1.342231E-07,3.294812E-06
1.036544E-06,5.909072E-07,1.347664E-07,3.294205E-06
1.041294E-06,5.935713E-07,1.353090E-07,3.293598E-06
1.046044E-06,5.962350E-07,1.358509E-07,3.292990E-06
1.050794E-06,5.988981E-07,1.363920E-07,3.292381E-06
1.055544E-06,6.015607E-07,1.369324E-07,3.291772E-06
1.060294E-06,6.042227E-07,1.374721E-07,3.291162E-06
1.065044E-06,6.068842E-07,1.380110E-07,3.290551E-06
1.069794E-06,6.095451E-07,1.385492E-07,3.289940E-06
1.074544E-06,6.122055E-07,1.390866E-07,3.289328E-06
1.079294E-06,6.148653E-07,1.396233E-07,3.288715E-06
1.084044E-06,6.175246E-07,1.401593E-07,3.288102E-06
1.088794E-06,6.201833E-07,1.406945E-07,3.287488E-06
1.093544E-06,6.228415E-07,1.412290E-07,3.286874E-06
1.098294E-06,6.254991E-07,1.417628E-07,3.286259E-06
1.103044E-06,6.281561E-07,1.422958E-07,3.285643E-06
1.107794E-06,6.308126E-07,1.428281E-07,3.285026E-06
1.112544E-06,6.334685E-07,1.433597E-07,3.284410E-06
1.117294E-06,6.361239E-07,1.438905E-07,3.283792E-06
1.122044E-06,6.387787E-07,1.444206E-07,3.283174E-06
1.126794E-06,6.414329E-07,1.449500E-07,3.282555E-06
1.131544E-06,6.440866E-07,1.454786E-07,3.281936E-06
1.136294E-06,6.467396E-07,1.460065E-07,3.281316E-06
1.141044E-06,6.493921E-07,1.465337E-07,3.280695E-06
1.145794E-06,6.520441E-07,1.470602E-07,3.280074E-06
1.150544E-06,6.546954E-07,1.475859E-07,3.279453E-06
1.155294E-06,6.573462E-07,1.481109E-07,3.278830E-06
1.160044E-06,6.599964E-07,1.486351E-07,3.278207E-06
1.164794E-06,6.626460E-07,1.491586E-07,3.277584E-06
1.169544E-06,6.652950E-07,1.496814E-07,3.276959E-06
1.174294E-06,6.679434E-07,1.502035E-07,3.276335E-06
1.179044E-06,6.705912E-07,1.507248E-07,3.275709E-06
1.183794E-06,6.732385E-07,1.512454E-07,3.275083E-06
1.188544E-06,6.758851E-07,1.517653E-07,3.274456E-06
1.193294E-06,6.785312E-07,1.522844E-07,3.273829E-06
1.198044E-06,6.811766E-07,1.528028E-07,3.273201E-06
1.202794E-06,6.838215E-07,1.533205E-07,3.272573E-06
1.207544E-06,6.864657E-07,1.538375E-07,3.271944E-06
1.212294E-06,6.891093E-07,1.543538E-07,3.271314E-06
1.217044E-06,6.917524E-07,1.548693E-07,3.270684E-06
1.221794E-06,6.943948E-07,1.553841E-07,3.270053E-06
1.226544E-06,6.970366E-07,1.558982E-07,3.269422E-06
1.231294E-06,6.996778E-07,1.564115E-07,3.268790E-06
1.236044E-06,7.023184E-07,1.569241E-07,3.268157E-06
1.240794E-06,7.049584E-07,1.574360E-07,3.267523E-06
1.245544E-06,7.075977E-07,1.579472E-07,3.266890E-06
1.250294E-06,7.102365E-07,1.584577E-07,3.266255E-06
1.255044E-06,7.128746E-07,1.589674E-07,3.265620E-06
1.259794E-06,7.155121E-07,1.594764E-07,3.264984E-06
1.264544E-06,7.181489E-07,1.599847E-07,3.264348E-06
1.269294E-06,7.207852E-07,1.604923E-07,3.263711E-06
1.274044E-06,7.234208E-07,1.609992E-07,3.263074E-06
1.278794E-06,7.260558E-07,1.615053E-07,3.262436E-06
1.283544E-06,7.286901E-07,1.620107E-07,3.261798E-06
1.288294E-06,7.313238E-07,1.625154E-07,3.261158E-06
1.293044E-06,7.339569E-07,1.630194E-07,3.260519E-06
1.297794E-06,7.365893E-07,1.635227E-07,3.259879E-06
1.302544E-06,7.392211E-07,1.640252E-07,3.259238E-06
1.307294E-06,7.418522E-07,1.645271E-07,3.258596E-06
1.312044E-06,7.444827E-07,1.650282E-07,3.257954E-06
1.316794E-06,7.471126E-07,1.655286E-07,3.257312E-06
1.321544E-06,7.497418E-07,1.660282E-07,3.256669E-06
1.326294E-06,7.523703E-07,1.665272E-07,3.256025E-06
1.331044E-06,7.549983E-07,1.670254E-07,3.255381E-06
1.335794E-06,7.576255E-07,1.675230E-07,3.254736E-06
1.340544E-06,7.602521E-07,1.680198E-07,3.254091E-06
1.345294E-06,7.628780E-07,1.685159E-07,3.253445E-06
1.350044E-06,7.655033E-07,1.690113E-07,3.252799E-06
1.354794E-06,7.681279E-07,1.695060E-07,3.252152E-06
1.359544E-06,7.707518E-07,1.699999E-07,3.251504E-06
1.364294E-06,7.733751E-07,1.704932E-07,3.250857E-06
1.369044E-06,7.759977E-07,1.709857E-07,3.250208E-06
1.373794E-06,7.786197E-07,1.714775E-07,3.249559E-06
1.378544E-06,7.812409E-07,1.719687E-07,3.248910E-06
1.383294E-06,7.838615E-07,1.724591E-07,3.248260E-06
1.388044E-06,7.864814E-07,1.729487E-07,3.247610E-06
1.392794E-06,7.891007E-07,1.734377E-07,3.246958E-06
1.397544E-06,7.917192E-07,1.739260E-07,3.246307E-06
1.402294E-06,7.943371E-07,1.744135E-07,3.245655E-06
1.407044E-06,7.969543E-07,1.749004E-07,3.245002E-06
1.411794E-06,7.995708E-07,1.753865E-07,3.244349E-06
1.416544E-06,8.021866E-07,1.758720E-07,3.243695E-06
1.421294E-06,8.048018E-07,1.763567E-07,3.243041E-06
1.426044E-06,8.074162E-07,1.768407E-07,3.242387E-06
1.430794E-06,8.100299E-07,1.773240E-07,3.241732E-06
1.435544E-06,8.126430E-07,1.778066E-07,3.241077E-06
1.440294E-06,8.152554E-07,1.782885E-07,3.240421E-06
1.445044E-06,8.178670E-07,1.787697E-07,3.239765E-06
1.449794E-06,8.204780E-07,1.792502E-07,3.239109E-06
1.454544E-06,8.230882E-07,1.797300E-07,3.238453E-06
1.459294E-06,8.256978E-07,1.802091E-07,3.237796E-06
1.464044E-06,8.283066E-07,1.806874E-07,3.237138E-06
1.468794E-06,8.309147E-07,1.811651E-07,3.236481E-06
1.473544E-06,8.335221E-07,1.816421E-07,3.235822E-06
1.478294E-06,8.361289E-07,1.821184E-07,3.235163E-06
1.483044E-06,8.387348E-07,1.825939E-07,3.234503E-06
1.487794E-06,8.413401E-07,1.830688E-07,3.233843E-06
1.492544E-06,8.439447E-07,1.835430E-07,3.233183E-06
1.497294E-06,8.465485E-07,1.840165E-07,3.232522E-06
1.502044E-06,8.491516E-07,1.844893E-07,3.231861E-06
1.506794E-06,8.517540E-07,1.849614E-07,3.231199E-06
1.511544E-06,8.543557E-07,1.854327E-07,3.230536E-06
1.516294E-06,8.569566E-07,1.859034E-07,3.229873E-06
1.521044E-06,8.595568E-07,1.863734E-07,3.229209E-06
1.525794E-06,8.621563E-07,1.868427E-07,3.228545E-06
1.530544E-06,8.647551E-07,1.873113E-07,3.227881E-06
1.535294E-06,8.673531E-07,1.877793E-07,3.227216E-06
1.540044E-06,8.699503E-07,1.882465E-07,3.226551E-06
1.544794E-06,8.725469E-07,1.887130E-07,3.225886E-06
1.549544E-06,8.751426E-07,1.891788E-07,3.225220E-06
1.554294E-06,8.777377E-07,1.896440E-07,3.224553E-06
1.559044E-06,8.803320E-07,1.901084E-07,3.223886E-06
1.563794E-06,8.829256E-07,1.905722E-07,3.223219E-06
1.568544E-06,8.855184E-07,1.910352E-07,3.222551E-06
1.573294E-06,8.881104E-07,1.914976E-07,3.221882E-06
1.578044E-06,8.907017E-07,1.919593E-07,3.221213E-06
1.582794E-06,8.932923E-07,1.924203E-07,3.220544E-06
1.587544E-06,8.958821E-07,1.928806E-07,3.219874E-06
1.592294E-06,8.984711E-07,1.933402E-07,3.219203E-06
1.597044E-06,9.010594E-07,1.937991E-07,3.218533E-06
1.601794E-06,9.036469E-07,1.942573E-07,3.217862E-06
1.606544E-06,9.062336E-07,1.947149E-07,3.217190E-06
1.611294E-06,9.088196E-07,1.951717E-07,3.216518E-06
1.616044E-06,9.114048E-07,1.956279E-07,3.215844E-06
1.620794E-06,9.139893E-07,1.960834E-07,3.215170E-06
1.625544E-06,9.165729E-07,1.965382E-07,3.214495E-06
1.630294E-06,9.191558E-07,1.969923E-07,3.213820E-06
1.635044E-06,9.217379E-07,1.974457E-07,3.213144E-06
1.639794E-06,9.243193E-07,1.978985E-07,3.212468E-06
1.644544E-06,9.268999E-07,1.983505E-07,3.211790E-06
1.649294E-06,9.294796E-07,1.988019E-07,3.211113E-06
1.654044E-06,9.320586E-07,1.992526E-07,3.210435E-06
1.658794E-06,9.346369E-07,1.997026E-07,3.209757E-06
1.663544E-06,9.372143E-07,2.001519E-07,3.209079E-06
1.668294E-06,9.397909E-07,2.006006E-07,3.208400E-06
1.673044E-06,9.423668E-07,2.010485E-07,3.207720E-06
1.677794E-06,9.449419E-07,2.014958E-07,3.207040E-06
1.682544E-06,9.475161E-07,2.019424E-07,3.206359E-06
1.687294E-06,9.500896E-07,2.023883E-07,3.205677E-06
1.692044E-06,9.526623E-07,2.028336E-07,3.204996E-06
1.696794E-06,9.552341E-07,2.032781E-07,3.204313E-06
1.701544E-06,9.578052E-07,2.037220E-07,3.203631E-06
1.706294E-06,9.603755E-07,2.041652E-07,3.202947E-06
1.711044E-06,9.629449E-07,2.046078E-07,3.202264E-06
1.715794E-06,9.655136E-07,2.050497E-07,3.201580E-06
1.720544E-06,9.680814E-07,2.054909E-07,3.200895E-06
1.725294E-06,9.706485E-07,2.059314E-07,3.200209E-06
1.730044E-06,9.732147E-07,2.063712E-07,3.199524E-06
1.734794E-06,9.757801E-07,2.068104E-07,3.198837E-06
1.739544E-06,9.783447E-07,2.072489E-07,3.198151E-06
1.744294E-06,9.809085E-07,2.076868E-07,3.197464E-06
1.749044E-06,9.834714E-07,2.081240E-07,3.196777E-06
1.753794E-06,9.860335E-07,2.085605E-07,3.196089E-06
1.758544E-06,9.885949E-07,2.089963E-07,3.195401E-06
1.763294E-06,9.911553E-07,2.094315E-07,3.194712E-06
1.768044E-06,9.937150E-07,2.098660E-07,3.194023E-06
1.772794E-06,9.962738E-07,2.102998E-07,3.193333E-06
1.777544E-06,9.988318E-07,2.107330E-07,3.192643E-06
1.782294E-06,1.001389E-06,2.111655E-07,3.191953E-06
1.787044E-06,1.003945E-06,2.115974E-07,3.191262E-06
1.791794E-06,1.006501E-06,2.120286E-07,3.190571E-06
1.796544E-06,1.009055E-06,2.124591E-07,3.189879E-06
1.801294E-06,1.011609E-06,2.128889E-07,3.189187E-06
1.806044E-06,1.014162E-06,2.133181E-07,3.188494E-06
1.810794E-06,1.016714E-06,2.137467E-07,3.187801E-06
1.815544E-06,1.019266E-06,2.141746E-07,3.187106E-06
1.820294E-06,1.021816E-06,2.146018E-07,3.186412E-06
1.825044E-06,1.024366E-06,2.150283E-07,3.185717E-06
1.829794E-06,1.026914E-06,2.154542E-07,3.185022E-06
1.834544E-06,1.029462E-06,2.158795E-07,3.184326E-06
1.839294E-06,1.032009E-06,2.163041E-07,3.183630E-06
1.844044E-06,1.034555E-06,2.167280E-07,3.182933E-06
1.848794E-06,1.037101E-06,2.171512E-07,3.182237E-06
1.853544E-06,1.039645E-06,2.175739E-07,3.181540E-06
1.858294E-06,1.042189E-06,2.179958E-07,3.180843E-06
1.863044E-06,1.044731E-06,2.184171E-07,3.180145E-06
1.867794E-06,1.047273E-06,2.188378E-07,3.179446E-06
1.872544E-06,1.049814E-06,2.192577E-07,3.178747E-06
1.877294E-06,1.052354E-06,2.196771E-07,3.178048E-06
1.882044E-06,1.054894E-06,2.200958E-07,3.177348E-06
1.886794E-06,1.057432E-06,2.205138E-07,3.176648E-06
1.891544E-06,1.059969E-06,2.209312E-07,3.175948E-06
1.896294E-06,1.062506E-06,2.213479E-07,3.175248E-06
1.901044E-06,1.063218E-06,2.216672E-07,2.483756E-06
1.908280E-06,1.063433E-06,2.219866E-07,1.502666E-06
1.919011E-06,1.063266E-06,2.220584E-07,5.904317E-07
1.933942E-06,1.062777E-06,2.217328E-07,3.421617E-08
1.953237E-06,1.062022E-06,2.210696E-07,-1.294683E-07
1.976994E-06,1.061035E-06,2.202354E-07,-8.311724E-08
2.005458E-06,1.059827E-06,2.193053E-07,-1.535306E-08
2.038399E-06,1.058421E-06,2.182706E-07,6.716119E-09
2.075518E-06,1.056837E-06,2.171136E-07,3.889304E-09
2.116383E-06,1.055096E-06,2.158472E-07,2.376436E-10
2.160603E-06,1.053218E-06,2.144914E-07,-2.983461E-10
2.207740E-06,1.051221E-06,2.130640E-07,-6.858172E-11
2.257398E-06,1.049125E-06,2.115794E-07,1.038832E-11
2.309217E-06,1.046944E-06,2.100502E-07,5.503153E-12
2.362843E-06,1.044696E-06,2.084886E-07,4.876055E-14
2.417995E-06,1.042392E-06,2.069041E-07,-2.732465E-13
2.474426E-06,1.040044E-06,2.053048E-07,-2.771274E-14
2.531955E-06,1.037659E-06,2.036964E-07,9.501081E-15
2.590414E-06,1.035244E-06,2.020843E-07,1.884270E-15
2.649625E-06,1.032809E-06,2.004735E-07,-2.235969E-16
2.709485E-06,1.030356E-06,1.988671E-07,-8.396763E-17
2.769894E-06,1.027891E-06,1.972676E-07,2.133730E-18
2.830795E-06,1.025416E-06,1.956766E-07,2.890499E-18
2.892107E-06,1.022934E-06,1.940960E-07,1.065342E-19
2.953758E-06,1.020449E-06,1.925275E-07,-8.076537E-20
3.015719E-06,1.017961E-06,1.909716E-07,-7.525636E-21
3.077958E-06,1.015473E-06,1.894289E-07,1.847105E-21
3.140443E-06,1.012985E-06,1.878998E-07,2.960495E-22
3.203147E-06,1.010498E-06,1.863848E-07,-3.323047E-23
3.266038E-06,1.008015E-06,1.848842E-07,-8.997663E-24
3.329120E-06,1.005534E-06,1.833978E-07,3.904284E-25
3.392387E-06,1.003057E-06,1.819254E-07,2.290836E-25
3.455804E-06,1.000584E-06,1.804674E-07,1.060917E-27
3.519366E-06,9.981151E-07,1.790237E-07,-5.033042E-27
3.583064E-06,9.956516E-07,1.775943E-07,-2.301094E-28
3.646915E-06,9.931924E-07,1.761784E-07,9.637555E-29
3.710900E-06,9.907384E-07,1.747763E-07,8.468064E-30
3.774999E-06,9.882902E-07,1.733880E-07,-1.595453E-30
3.839219E-06,9.858476E-07,1.720132E-07,-2.238491E-31
3.903562E-06,9.834105E-07,1.706516E-07,2.209660E-32
3.968025E-06,9.809791E-07,1.693030E-07,4.928427E-33
4.032601E-06,9.785535E-07,1.679673E-07,-2.281252E-34
4.097281E-06,9.761341E-07,1.666444E-07,-9.488093E-35
4.162081E-06,9.737202E-07,1.653338E-07,7.823359E-37
4.227009E-06,9.713118E-07,1.640352E-07,1.631112E-36
4.292038E-06,9.689095E-07,1.627488E-07,3.925810E-38
4.357172E-06,9.665134E-07,1.614744E-07,-2.522599E-38
4.422412E-06,9.641233E-07,1.602118E-07,-1.400992E-39
4.487776E-06,9.617387E-07,1.589603E-07,3.507604E-40
4.553250E-06,9.593599E-07,1.577202E-07,3.181023E-41
4.618821E-06,9.569875E-07,1.564914E-07,-4.328221E-42
4.684501E-06,9.546210E-07,1.552737E-07,-5.917377E-43
4.750294E-06,9.522602E-07,1.540666E-07,4.583230E-44
4.816197E-06,9.499053E-07,1.528701E-07,9.655133E-45
4.882206E-06,9.475564E-07,1.516842E-07,-3.753992E-46
4.948315E-06,9.452136E-07,1.505087E-07,-1.421156E-46
5.014540E-06,9.428764E-07,1.493433E-07,1.305592E-48
5.080889E-06,9.405445E-07,1.481876E-07,1.912431E-48
5.147340E-06,9.382187E-07,1.470420E-07,3.183400E-50
5.213897E-06,9.358987E-07,1.459061E-07,-2.364501E-50
5.280559E-06,9.335847E-07,1.447799E-07,-9.857128E-52
5.347346E-06,9.312758E-07,1.436629E-07,2.686538E-52
5.414248E-06,9.289725E-07,1.425552E-07,1.846315E-53
5.481251E-06,9.266752E-07,1.414568E-07,-2.783906E-54
5.548364E-06,9.243836E-07,1.403675E-07,-2.830616E-55
5.615589E-06,9.220976E-07,1.392871E-07,2.586651E-56
5.682935E-06,9.198169E-07,1.382154E-07,3.831459E-57
5.750394E-06,9.175416E-07,1.371524E-07,-2.062318E-58
5.817958E-06,9.152722E-07,1.360982E-07,-4.719043E-59
5.885635E-06,9.130083E-07,1.350524E-07,1.233236E-60
5.953433E-06,9.107496E-07,1.340148E-07,5.369795E-61
6.021349E-06,9.084962E-07,1.329855E-07,-1.742117E-63
6.089379E-06,9.062482E-07,1.319643E-07,-5.684248E-63
6.157517E-06,9.040059E-07,1.309513E-07,-9.970750E-65
6.225774E-06,9.017688E-07,1.299462E-07,5.615058E-65
6.294158E-06,8.995366E-07,1.289488E-07,2.142160E-66
6.362659E-06,8.973097E-07,1.279592E-07,-5.168836E-67
6.431276E-06,8.950881E-07,1.269772E-07,-3.127180E-68
6.500004E-06,8.928719E-07,1.260029E-07,4.409885E-69
6.568855E-06,8.906608E-07,1.250360E-07,3.848826E-70
6.637835E-06,8.884545E-07,1.240764E-07,-3.442973E-71
6.706936E-06,8.862532E-07,1.231240E-07,-4.247121E-72
6.776155E-06,8.840571E-07,1.221789E-07,2.389038E-73
6.845488E-06,8.818663E-07,1.212410E-07,4.314649E-74
6.914946E-06,8.796804E-07,1.203102E-07,-1.368098E-75
6.984534E-06,8.774992E-07,1.193862E-07,-4.089853E-76
7.054248E-06,8.753228E-07,1.184691E-07,4.755547E-78
7.124085E-06,8.731514E-07,1.175587E-07,3.641302E-78
7.194037E-06,8.709851E-07,1.166553E-07,2.262161E-80
7.264115E-06,8.688236E-07,1.157585E-07,-3.056242E-80
7.334322E-06,8.666668E-07,1.148682E-07,-7.121078E-82
7.404664E-06,8.645145E-07,1.139843E-07,2.419268E-82
7.475134E-06,8.623669E-07,1.131069E-07,9.897628E-84
7.545724E-06,8.602242E-07,1.122360E-07,-1.801546E-84
7.616438E-06,8.580863E-07,1.113714E-07,-1.090812E-85
7.687279E-06,8.559531E-07,1.105131E-07,1.255118E-86
7.758260E-06,8.538242E-07,1.096608E-07,1.059669E-87
7.829380E-06,8.516996E-07,1.088145E-07,-8.079092E-89
7.900624E-06,8.495796E-07,1.079744E-07,-9.428866E-90
7.971995E-06,8.474644E-07,1.071403E-07,4.681894E-91
8.043489E-06,8.453538E-07,1.063123E-07,7.831408E-92
8.115118E-06,8.432476E-07,1.054901E-07,-2.293962E-93
8.186885E-06,8.411457E-07,1.046736E-07,-6.131994E-94
8.258791E-06,8.390480E-07,1.038629E-07,7.552126E-96
8.330832E-06,8.369545E-07,1.030578E-07,4.549584E-96
8.402998E-06,8.348657E-07,1.022585E-07,1.305240E-98
8.475296E-06,8.327812E-07,1.014648E-07,-3.208186E-98
8.547725E-06,8.307011E-07,1.006767E-07,-5.568434E-100
8.620295E-06,8.286251E-07,9.989401E-08,2.151857E-100
8.693011E-06,8.265530E-07,9.911667E-08,6.900810E-102
8.765866E-06,8.244850E-07,9.834468E-08,-1.370590E-102
8.838858E-06,8.224211E-07,9.757805E-08,-6.580565E-104
8.911980E-06,8.203615E-07,9.681678E-08,8.259897E-105
8.985237E-06,8.183061E-07,9.606079E-08,5.499700E-106
9.058628E-06,8.162549E-07,9.531002E-08,-4.676056E-107
9.132164E-06,8.142075E-07,9.456434E-08,-4.212441E-108
9.205846E-06,8.121639E-07,9.382369E-08,2.450906E-109
9.279676E-06,8.101241E-07,9.308801E-08,3.017759E-110
9.353650E-06,8.080881E-07,9.235730E-08,-1.153868E-111
9.427759E-06,8.060561E-07,9.163163E-08,-2.044358E-112
9.502007E-06,8.040281E-07,9.091090E-08,4.523275E-114
9.576389E-06,8.020040E-07,9.019510E-08,1.318411E-114
9.650915E-06,7.999838E-07,8.948413E-08,-1.080432E-116
9.725584E-06,7.979673E-07,8.877793E-08,-8.123244E-117
9.800406E-06,7.959543E-07,8.807639E-08,-3.721328E-119
9.875382E-06,7.939447E-07,8.737946E-08,4.789420E-119
9.950507E-06,7.919387E-07,8.668715E-08,8.121167E-121
1.002578E-05,7.899363E-07,8.599944E-08,-2.702371E-121
1.010119E-05,7.879376E-07,8.531637E-08,-8.003302E-123
1.017675E-05,7.859426E-07,8.463786E-08,1.457778E-123
1.025244E-05,7.839512E-07,8.396391E-08,6.315442E-125
1.032828E-05,7.819635E-07,8.329442E-08,-7.495850E-126
1.040427E-05,7.799792E-07,8.262937E-08,-4.430478E-127
1.048040E-05,7.779984E-07,8.196866E-08,3.652148E-128
1.055669E-05,7.760208E-07,8.131226E-08,2.871430E-129
1.063314E-05,7.740463E-07,8.066006E-08,-1.667752E-130
1.070975E-05,7.720750E-07,8.001205E-08,-1.750980E-131
1.078651E-05,7.701068E-07,7.936822E-08,6.988278E-133
1.086343E-05,7.681418E-07,7.872855E-08,1.014728E-133
1.094049E-05,7.661801E-07,7.809307E-08,-2.564386E-135
1.101771E-05,7.642217E-07,7.746172E-08,-5.623143E-136
1.109507E-05,7.622666E-07,7.683450E-08,7.152401E-138
1.117257E-05,7.603148E-07,7.621134E-08,2.990660E-138
1.125023E-05,7.583661E-07,7.559223E-08,-4.073939E-141
1.132804E-05,7.564206E-07,7.497709E-08,-1.529586E-140
1.140599E-05,7.544782E-07,7.436592E-08,-1.442555E-142
1.148411E-05,7.525387E-07,7.375864E-08,7.528506E-143
1.156237E-05,7.506023E-07,7.315522E-08,1.519641E-144
1.164079E-05,7.486686E-07,7.255560E-08,-3.564417E-145
1.171937E-05,7.467379E-07,7.195977E-08,-1.120173E-146
1.179811E-05,7.448098E-07,7.136764E-08,1.620668E-147
1.187700E-05,7.428845E-07,7.077923E-08,7.096924E-149
1.195606E-05,7.409618E-07,7.019444E-08,-7.053479E-150
1.203528E-05,7.390418E-07,6.961328E-08,-4.103567E-151
1.211466E-05,7.371243E-07,6.903569E-08,2.921542E-152
1.219421E-05,7.352093E-07,6.846165E-08,2.222254E-153
1.227392E-05,7.332968E-07,6.789111E-08,-1.140009E-154
1.235379E-05,7.313868E-07,6.732406E-08,-1.142373E-155
1.243382E-05,7.294792E-07,6.676045E-08,4.111355E-157
1.251402E-05,7.275740E-07,6.620027E-08,5.618018E-158
1.259437E-05,7.256712E-07,6.564346E-08,-1.314903E-159
1.267489E-05,7.237707E-07,6.509003E-08,-2.655756E-160
1.275558E-05,7.218725E-07,6.453991E-08,3.315829E-162
1.283642E-05,7.199767E-07,6.399311E-08,1.210326E-162
1.291742E-05,7.180831E-07,6.344957E-08,-3.088087E-165
1.299859E-05,7.161918E-07,6.290929E-08,-5.326824E-165
1.307991E-05,7.143026E-07,6.237221E-08,-3.669232E-167
1.316139E-05,7.124157E-07,6.183832E-08,2.265738E-167
1.324303E-05,7.105310E-07,6.130758E-08,3.680280E-169
1.332483E-05,7.086484E-07,6.077998E-08,-9.312544E-170
1.340679E-05,7.067679E-07,6.025545E-08,-2.413314E-171
1.348890E-05,7.048894E-07,5.973399E-08,3.694671E-172
1.357118E-05,7.030129E-07,5.921553E-08,1.343598E-173
1.365361E-05,7.011384E-07,5.870007E-08,-1.411714E-174
1.373621E-05,6.992657E-07,5.818754E-08,-6.806949E-176
1.381896E-05,6.973948E-07,5.767792E-08,5.174311E-177
1.390188E-05,6.955257E-07,5.717114E-08,3.229620E-178
1.398496E-05,6.936582E-07,5.666717E-08,-1.807003E-179
1.406821E-05,6.917922E-07,5.616596E-08,-1.456193E-180
1.415163E-05,6.899276E-07,5.566745E-08,5.941896E-182
1.423522E-05,6.880643E-07,5.517159E-08,6.291762E-183
1.431899E-05,6.862023E-07,5.467832E-08,-1.798564E-184
1.440293E-05,6.843415E-07,5.418768E-08,-2.617971E-185
1.448703E-05,6.824821E-07,5.369964E-08,4.763014E-187
1.457128E-05,6.806242E-07,5.321419E-08,1.052781E-187
1.465570E-05,6.787675E-07,5.273127E-08,-9.411289E-190
1.474027E-05,6.769121E-07,5.225084E-08,-4.100584E-190
1.482501E-05,6.750578E-07,5.177284E-08,1.449853E-193
1.490992E-05,6.732045E-07,5.129722E-08,1.548735E-192
1.499499E-05,6.713520E-07,5.082387E-08,1.226928E-194
1.508024E-05,6.695002E-07,5.035277E-08,-5.673316E-195
1.516566E-05,6.676493E-07,4.988392E-08,-9.191489E-197
1.525123E-05,6.657992E-07,4.941730E-08,2.014839E-197
1.533697E-05,6.639499E-07,4.895287E-08,4.998968E-199
1.542286E-05,6.621013E-07,4.849055E-08,-6.931811E-200
1.550892E-05,6.602533E-07,4.803028E-08,-2.365701E-201
1.559516E-05,6.584055E-07,4.757196E-08,2.305460E-202
1.568156E-05,6.565580E-07,4.711558E-08,1.029456E-203
1.576812E-05,6.547110E-07,4.666114E-08,-7.384278E-205
1.585484E-05,6.528643E-07,4.620857E-08,-4.221358E-206
1.594172E-05,6.510178E-07,4.575782E-08,2.265603E-207
1.602877E-05,6.491714E-07,4.530878E-08,1.652606E-208
1.611599E-05,6.473247E-07,4.486138E-08,-6.594199E-210
1.620337E-05,6.454781E-07,4.441566E-08,-6.221555E-211
1.629091E-05,6.436313E-07,4.397152E-08,1.788468E-212
1.637861E-05,6.417844E-07,4.352892E-08,2.263787E-213
1.646647E-05,6.399369E-07,4.308773E-08,-4.356813E-215
1.655450E-05,6.380889E-07,4.264791E-08,-7.984500E-216
1.664269E-05,6.362404E-07,4.220948E-08,8.622448E-218
1.673103E-05,6.343913E-07,4.177231E-08,2.735342E-218
1.681954E-05,6.325414E-07,4.133632E-08,-8.219177E-221
1.690821E-05,6.306906E-07,4.090146E-08,-9.112100E-221
1.699703E-05,6.288389E-07,4.046769E-08,-4.053874E-223
1.708601E-05,6.269861E-07,4.003494E-08,2.953379E-223
1.717516E-05,6.251320E-07,3.960307E-08,3.492346E-225
1.726447E-05,6.232766E-07,3.917208E-08,-9.312281E-226
1.735392E-05,6.214198E-07,3.874192E-08,-1.804669E-227
1.744354E-05,6.195614E-07,3.831246E-08,2.855159E-228
1.753331E-05,6.177013E-07,3.788367E-08,7.822234E-230
1.762323E-05,6.158396E-07,3.745554E-08,-8.497923E-231
1.771331E-05,6.139760E-07,3.702795E-08,-3.080069E-232
1.780354E-05,6.121103E-07,3.660087E-08,2.450013E-233
1.789393E-05,6.102426E-07,3.617430E-08,1.137310E-234
1.798447E-05,6.083727E-07,3.574814E-08,-6.815973E-236
1.807516E-05,6.065004E-07,3.532239E-08,-4.002084E-237
1.816600E-05,6.046259E-07,3.489706E-08,1.817928E-238
1.825700E-05,6.027487E-07,3.447206E-08,1.354344E-239
1.834816E-05,6.008689E-07,3.404746E-08,-4.599509E-241
1.843946E-05,5.989866E-07,3.362325E-08,-4.431280E-242
1.853093E-05,5.971014E-07,3.319942E-08,1.082483E-243
1.862254E-05,5.952135E-07,3.277601E-08,1.407032E-244
1.871432E-05,5.933225E-07,3.235298E-08,-2.271566E-246
1.880625E-05,5.914286E-07,3.193044E-08,-4.345316E-247
1.889835E-05,5.895315E-07,3.150836E-08,3.766389E-249
1.899060E-05,5.876313E-07,3.108681E-08,1.307286E-249
1.908301E-05,5.857279E-07,3.066582E-08,-2.198686E-252
1.917559E-05,5.838212E-07,3.024543E-08,-3.834497E-252
1.926832E-05,5.819111E-07,2.982565E-08,-1.939901E-254
1.936122E-05,5.799976E-07,2.940653E-08,1.096893E-254
1.945428E-05,5.780806E-07,2.898811E-08,1.291346E-256
1.954750E-05,5.761599E-07,2.857043E-08,-3.059378E-257
1.964089E-05,5.742356E-07,2.815351E-08,-5.714015E-259
1.973445E-05,5.723075E-07,2.773739E-08,8.313726E-260
1.982818E-05,5.703756E-07,2.732211E-08,2.162960E-261
1.992207E-05,5.684397E-07,2.690772E-08,-2.198034E-262
2.001614E-05,5.664998E-07,2.649421E-08,-7.496569E-264
2.011038E-05,5.645558E-07,2.608167E-08,5.641112E-265
2.020479E-05,5.626075E-07,2.567009E-08,2.447036E-266
2.029937E-05,5.606550E-07,2.525955E-08,-1.400345E-267
2.039413E-05,5.586982E-07,2.485009E-08,-7.632665E-269
2.048906E-05,5.567369E-07,2.444172E-08,3.344146E-270
2.058416E-05,5.547712E-07,2.403450E-08,2.294193E-271
2.067945E-05,5.528007E-07,2.362844E-08,-7.610651E-273
2.077491E-05,5.508256E-07,2.322362E-08,-6.678897E-274
2.087054E-05,5.488458E-07,2.282008E-08,1.623106E-275
2.096636E-05,5.468611E-07,2.241783E-08,1.889611E-276
2.106236E-05,5.448713E-07,2.201692E-08,-3.135816E-278
2.115854E-05,5.428766E-07,2.161742E-08,-5.205915E-279
2.125490E-05,5.408766E-07,2.121933E-08,5.028884E-281
2.135144E-05,5.388714E-07,2.082271E-08,1.398704E-281
2.144817E-05,5.368609E-07,2.042763E-08,-4.489315E-284
2.154508E-05,5.348449E-07,2.003412E-08,-3.667970E-284
2.164217E-05,5.328234E-07,1.964220E-08,-1.090705E-286
2.173946E-05,5.307961E-07,1.925192E-08,9.391250E-287
2.183693E-05,5.287631E-07,1.886335E-08,8.526287E-289
2.193459E-05,5.267243E-07,1.847653E-08,-2.347370E-289
2.203245E-05,5.246795E-07,1.809149E-08,-3.588795E-291
2.213049E-05,5.226284E-07,1.770827E-08,5.724860E-292
2.222873E-05,5.205712E-07,1.732695E-08,1.247841E-293
2.232716E-05,5.185078E-07,1.694758E-08,-1.360741E-294
2.242577E-05,5.164380E-07,1.657023E-08,-3.925212E-296
2.252458E-05,5.143618E-07,1.619491E-08,3.147232E-297
2.262359E-05,5.122788E-07,1.582169E-08,1.156640E-298
2.272280E-05,5.101889E-07,1.545060E-08,-7.063909E-300
2.282221E-05,5.080921E-07,1.508169E-08,-3.247279E-301
2.292183E-05,5.059881E-07,1.471503E-08,1.532112E-302
2.302164E-05,5.038769E-07,1.435070E-08,8.769151E-304
2.312165E-05,5.017585E-07,1.398875E-08,-3.190977E-305
2.322187E-05,4.996327E-07,1.362924E-08,-2.291441E-306
2.332228E-05,4.974994E-07,1.327224E-08,6.314531E-308
2.342290E-05,4.953584E-07,1.291781E-08,5.815978E-309
2.352372E-05,4.932096E-07,1.256600E-08,-1.164363E-310
2.362475E-05,4.910528E-07,1.221689E-08,-1.437424E-311
2.372598E-05,4.888879E-07,1.187053E-08,1.919560E-313
2.382742E-05,4.867147E-07,1.152700E-08,3.465093E-314
2.392908E-05,4.845330E-07,1.118636E-08,-2.518830E-316
2.403094E-05,4.823427E-07,1.084867E-08,-8.155952E-317
2.413302E-05,4.801436E-07,1.051400E-08,1.264808E-319
2.423532E-05,4.779354E-07,1.018242E-08,1.875523E-319
2.433784E-05,4.757180E-07,9.854023E-09,7.460391E-322
2.444057E-05,4.734915E-07,9.528894E-09,-4.199558E-322
2.454351E-05,4.712556E-07,9.207118E-09,-4.940656E-324
2.464667E-05,4.690101E-07,8.888775E-09,0.000000E+00
2.475004E-05,4.667549E-07,8.573941E-09,0.000000E+00
2.485363E-05,4.644896E-07,8.262689E-09,-0.000000E+00
2.495746E-05,4.622140E-07,7.955103E-09,-0.000000E+00
2.506150E-05,4.599281E-07,7.651288E-09,0.000000E+00
2.516576E-05,4.576316E-07,7.351339E-09,0.000000E+00
2.527025E-05,4.553243E-07,7.055339E-09,-0.000000E+00
2.537497E-05,4.530060E-07,6.763386E-09,-0.000000E+00
2.547992E-05,4.506764E-07,6.475593E-09,0.000000E+00
2.558509E-05,4.483355E-07,6.192058E-09,0.000000E+00
2.569049E-05,4.459827E-07,5.912867E-09,-0.000000E+00
2.579613E-05,4.436181E-07,5.638150E-09,-0.000000E+00
2.590199E-05,4.412413E-07,5.368016E-09,0.000000E+00
2.600810E-05,4.388520E-07,5.102579E-09,0.000000E+00
2.611443E-05,4.364502E-07,4.841974E-09,0.000000E+00
2.622100E-05,4.340353E-07,4.586309E-09,0.000000E+00
2.632782E-05,4.316072E-07,4.335733E-09,0.000000E+00
2.643487E-05,4.291657E-07,4.090376E-09,0.000000E+00
2.654216E-05,4.267103E-07,3.850398E-09,0.000000E+00
2.664969E-05,4.242409E-07,3.615944E-09,0.000000E+00
2.675746E-05,4.217572E-07,3.387181E-09,0.000000E+00
2.686548E-05,4.192586E-07,3.164270E-09,0.000000E+00
2.697375E-05,4.167451E-07,2.947402E-09,0.000000E+00
2.708226E-05,4.142162E-07,2.736749E-09,0.000000E+00
2.719103E-05,4.116715E-07,2.532516E-09,0.000000E+00
2.730004E-05,4.091109E-07,2.334906E-09,0.000000E+00
2.740930E-05,4.065337E-07,2.144118E-09,0.000000E+00
2.751882E-05,4.039398E-07,1.960376E-09,0.000000E+00
2.762859E-05,4.013286E-07,1.783901E-09,0.000000E+00
2.773862E-05,3.986998E-07,1.614905E-09,0.000000E+00
2.784891E-05,3.960529E-07,1.453622E-09,0.000000E+00
2.795945E-05,3.933876E-07,1.300281E-09,0.000000E+00
2.807025E-05,3.907034E-07,1.155101E-09,0.000000E+00
2.818132E-05,3.879998E-07,1.018291E-09,0.000000E+00
2.829265E-05,3.852761E-07,8.900492E-10,0.000000E+00
2.840425E-05,3.825321E-07,7.705605E-10,0.000000E+00
2.851612E-05,3.797671E-07,6.599826E-10,0.000000E+00
2.862825E-05,3.769807E-07,5.584341E-10,0.000000E+00
2.874065E-05,3.741724E-07,4.659904E-10,0.000000E+00
2.885332E-05,3.713414E-07,3.826688E-10,0.000000E+00
2.896626E-05,3.684872E-07,3.084217E-10,0.000000E+00
2.907948E-05,3.656091E-07,2.431215E-10,0.000000E+00
2.919297E-05,3.627066E-07,1.865541E-10,0.000000E+00
2.930674E-05,3.597787E-07,1.384081E-10,0.000000E+00
2.942080E-05,3.568248E-07,9.827216E-11,0.000000E+00
2.953513E-05,3.538441E-07,6.563327E-11,0.000000E+00
2.964976E-05,3.508359E-07,3.988367E-11,0.000000E+00
2.976467E-05,3.477993E-07,2.032966E-11,0.000000E+00
2.987986E-05,3.447335E-07,6.208368E-12,0.000000E+00
2.999534E-05,3.416375E-07,-3.288234E-12,0.000000E+00
3.011112E-05,3.385104E-07,-8.986069E-12,0.000000E+00
3.022719E-05,3.353513E-07,-1.169981E-11,0.000000E+00
3.034355E-05,3.321589E-07,-1.220258E-11,0.000000E+00
3.046021E-05,3.289323E-07,-1.119791E-11,0.000000E+00
3.057716E-05,3.256702E-07,-9.296517E-12,0.000000E+00
3.069442E-05,3.223714E-07,-6.999689E-12,0.000000E+00
3.081199E-05,3.190347E-07,-4.690833E-12,0.000000E+00
3.092985E-05,3.156587E-07,-2.635588E-12,0.000000E+00
3.104802E-05,3.122418E-07,-9.901487E-13,0.000000E+00
3.116651E-05,3.087827E-07,1.834114E-13,0.000000E+00
3.128530E-05,3.052796E-07,8.973051E-13,0.000000E+00
3.140441E-05,3.017309E-07,1.215569E-12,0.000000E+00
3.152383E-05,2.981349E-07,1.231852E-12,0.000000E+00
3.164357E-05,2.944895E-07,1.049498E-12,0.000000E+00
3.176363E-05,2.907928E-07,7.655918E-13,0.000000E+00
3.188401E-05,2.870426E-07,4.599664E-13,0.000000E+00
3.200472E-05,2.832365E-07,1.893744E-13,0.000000E+00
3.212576E-05,2.793721E-07,-1.366612E-14,0.000000E+00
3.224713E-05,2.754468E-07,-1.383122E-13,0.000000E+00
3.236883E-05,2.714578E-07,-1.903875E-13,0.000000E+00
3.249087E-05,2.674022E-07,-1.862555E-13,0.000000E+00
3.261324E-05,2.632769E-07,-1.467757E-13,0.000000E+00
3.273595E-05,2.590783E-07,-9.226233E-14,0.000000E+00
3.285901E-05,2.548029E-07,-3.899968E-14,0.000000E+00
3.298241E-05,2.504468E-07,2.508137E-15,0.000000E+00
3.310617E-05,2.460059E-07,2.772093E-14,0.000000E+00
3.323027E-05,2.414758E-07,3.705307E-14,0.000000E+00
3.335473E-05,2.368520E-07,3.419196E-14,0.000000E+00
3.347955E-05,2.321295E-07,2.425195E-14,0.000000E+00
3.360473E-05,2.273032E-07,1.218518E-14,0.000000E+00
3.373028E-05,2.223678E-07,1.712251E-15,0.000000E+00
3.385620E-05,2.173176E-07,-5.140711E-15,0.000000E+00
3.398248E-05,2.121469E-07,-7.965610E-15,0.000000E+00
3.410914E-05,2.068498E-07,-7.529769E-15,0.000000E+00
3.423618E-05,2.014203E-07,-5.181152E-15,0.000000E+00
3.436360E-05,1.958525E-07,-2.295349E-15,0.000000E+00
3.449141E-05,1.901405E-07,1.054695E-16,0.000000E+00
3.461961E-05,1.842786E-07,1.512657E-15,0.000000E+00
3.474820E-05,1.782617E-07,1.894775E-15,0.000000E+00
3.487720E-05,1.720851E-07,1.536775E-15,0.000000E+00
3.500660E-05,1.657448E-07,8.409690E-16,0.000000E+00
3.513640E-05,1.592381E-07,1.613081E-16,0.000000E+00
3.526662E-05,1.525631E-07,-2.895254E-16,0.000000E+00
3.539726E-05,1.457198E-07,-4.555603E-16,0.000000E+00
3.552831E-05,1.387100E-07,-3.969246E-16,0.000000E+00
3.565980E-05,1.315378E-07,-2.257293E-16,0.000000E+00
3.579172E-05,1.242103E-07,-4.802477E-17,0.000000E+00
3.592407E-05,1.167373E-07,7.057383E-17,0.000000E+00
3.605687E-05,1.091327E-07,1.121752E-16,0.000000E+00
3.619012E-05,1.014149E-07,9.413823E-17,0.000000E+00
3.632382E-05,9.360691E-08,4.862336E-17,0.000000E+00
3.645799E-05,8.573745E-08,4.659521E-18,0.000000E+00
3.659262E-05,7.784146E-08,-2.154306E-17,0.000000E+00
3.672772E-05,6.996060E-08,-2.752991E-17,0.000000E+00
3.686331E-05,6.214377E-08,-1.983391E-17,0.000000E+00
3.699938E-05,5.444733E-08,-7.614589E-18,0.000000E+00
3.713595E-05,4.693498E-08,2.133395E-18,0.000000E+00
3.727302E-05,3.967737E-08,6.502288E-18,0.000000E+00
3.741060E-05,3.275091E-08,6.107139E-18,0.000000E+00
3.754869E-05,2.623590E-08,3.293415E-18,0.000000E+00
3.768730E-05,2.021394E-08,3.817115E-19,0.000000E+00
3.782645E-05,1.476422E-08,-1.318159E-18,0.000000E+00
3.796613E-05,9.958892E-09,-1.625159E-18,0.000000E+00
3.810637E-05,5.857233E-09,-1.057942E-18,0.000000E+00
3.824773E-05,2.489365E-09,-2.836172E-19,0.000000E+00